school_year,dpi_true_id,school_name,accurate_agency_type,school_enrollment,grade_band,overall_rating,overall_score,ly_ach,sch_ach,sch_growth,sch_tgo,sch_ot,prof_count_ELA,prof_count_Mathematics,prof_percent_ELA,prof_percent_Mathematics
2023-24,0000_7980,Saint Thomas Aquinas Academy,Private,146,K-8,Significantly Exceeds Expectations,94.2,FALSE,86.7,97.3,95.9,91.6,69,72,0.7263157894736842,0.7578947368421053
2023-24,0000_1996,Nativity Jesuit Academy,Private,250,K-8,Significantly Exceeds Expectations,93.6,FALSE,64.2,98.2,95,89.9,77,93,0.5167785234899329,0.6241610738255033
2023-24,0000_8740,Yeshiva Elementary School,Private,202,K-8,Significantly Exceeds Expectations,89.7,FALSE,70.5,90.7,90.9,90.7,80,70,0.6153846153846154,0.5384615384615384
2023-24,3619_0398,Whittier Elementary,Instrumentality Charter,142,K-5,Significantly Exceeds Expectations,89,FALSE,74.9,91.7,NA,87.8,39,36,0.6842105263157895,0.631578947368421
2023-24,0000_1351,Risen Savior Lutheran School,Private,302,K-8,Significantly Exceeds Expectations,87.2,FALSE,44.6,100,85.1,74.9,65,58,0.3735632183908046,0.3333333333333333
2023-24,0000_1980,Mount Lebanon Lutheran School,Private,217,K-8,Significantly Exceeds Expectations,86.6,FALSE,53.1,91.6,90.4,80.6,60,45,0.5128205128205128,0.38461538461538464
2023-24,0000_7670,Saint Roman Parish School,Private,319,K-8,Significantly Exceeds Expectations,86.5,FALSE,59,94.5,83.8,80.1,85,96,0.4358974358974359,0.49230769230769234
2023-24,0000_4655,Saint John's Lutheran School,Private,272,K-8,Significantly Exceeds Expectations,85.5,FALSE,73.8,86.9,81.3,89.6,96,106,0.6075949367088608,0.6708860759493671
2023-24,3619_0435,Reagan College Preparatory High,Traditional Public,1349,9-12,Significantly Exceeds Expectations,84.9,TRUE,73.6,88.8,79.7,90.1,673,544,0.6650197628458498,0.5375494071146245
2023-24,0000_3935,Saint Gregory the Great Parish School,Private,171,K-8,Significantly Exceeds Expectations,84.7,FALSE,63.3,91.6,82.4,78.7,61,53,0.5258620689655172,0.45689655172413796
2023-24,0000_3455,Saint Charles Borromeo Catholic School,Private,140,K-8,Significantly Exceeds Expectations,83.4,FALSE,72.3,84,82.2,87.8,62,61,0.6458333333333334,0.6354166666666666
2023-24,0000_1327,New Testament Christian Academy,Private,148,K-8,Significantly Exceeds Expectations,83.1,FALSE,60.7,87.9,80.7,81.3,46,26,0.5897435897435898,0.3333333333333333
2023-24,8003_8123,Bruce Guadalupe,2r/2x Charter,1410,K-8,Significantly Exceeds Expectations,83,FALSE,54.3,90.7,80.3,77.4,340,350,0.4539385847797063,0.4672897196261682
2023-24,0000_5640,Saint Lucas Lutheran School,Private,130,K-8,Exceeds Expectations,82.8,FALSE,75.8,81.2,80.7,91.2,49,47,0.6712328767123288,0.6438356164383562
2023-24,0000_7720,Saint Sebastian School,Private,203,K-8,Exceeds Expectations,82.8,FALSE,72.7,81.2,84.7,88.4,96,73,0.7619047619047619,0.5793650793650794
2023-24,0000_2291,Pilgrim Lutheran School,Private,250,K-8,Exceeds Expectations,82.4,FALSE,32.5,97.3,78.7,69.2,37,25,0.2569444444444444,0.1736111111111111
2023-24,0000_1745,Saint Augustine Preparatory Academy,Private,1687,K-12,Exceeds Expectations,82.4,FALSE,53.3,89.8,77.7,79.5,550,509,0.4590984974958264,0.4248747913188648
2023-24,0000_1205,Prince of Peace,Private,341,K-8,Exceeds Expectations,82.3,FALSE,43.5,92.5,77.3,76.7,79,80,0.31225296442687744,0.31620553359683795
2023-24,0000_5710,Saint Marcus Lutheran School,Private,938,K-8,Exceeds Expectations,82.3,FALSE,45.3,92.5,80.7,73,151,164,0.32127659574468087,0.34893617021276596
2023-24,3619_0145,Milwaukee College Preparatory School -- Lloyd Street,Non-Instrumentality Charter,477,K-8,Exceeds Expectations,82.1,FALSE,45.9,91.7,80.9,73.4,83,120,0.2996389891696751,0.4332129963898917
2023-24,0000_2240,Our Lady Queen of Peace,Private,216,K-8,Exceeds Expectations,82.1,FALSE,47.9,95.4,75.7,71.2,46,56,0.35384615384615387,0.4307692307692308
2023-24,0000_2030,Northwest Lutheran School,Private,258,K-8,Exceeds Expectations,81.8,FALSE,40.2,94.4,77.9,71.4,58,43,0.3945578231292517,0.2925170068027211
2023-24,0000_1527,Institute of Technology and Academics,Private,193,K-8,Exceeds Expectations,81.4,FALSE,27.3,95.4,77.8,70.8,75,43,0.41899441340782123,0.24022346368715083
2023-24,3619_0205,Hampton Elementary,Traditional Public,150,K-5,Exceeds Expectations,81.3,FALSE,25.8,100,NA,47.5,13,17,0.23636363636363636,0.3090909090909091
2023-24,3619_0123,Milwaukee College Preparatory School -- 36th Street Campus,Non-Instrumentality Charter,478,K-8,Exceeds Expectations,80.3,FALSE,51.9,85,78,79.7,109,127,0.41603053435114506,0.4847328244274809
2023-24,0000_1910,Mother of Good Counsel School,Private,180,K-8,Exceeds Expectations,80.1,FALSE,41.3,88.7,79.5,72.9,52,14,0.4727272727272727,0.12727272727272726
2023-24,0000_1200,Saint Rafael the Archangel School,Private,280,K-8,Exceeds Expectations,79.8,FALSE,49.9,93.6,68.5,72.3,74,81,0.38144329896907214,0.4175257731958763
2023-24,3619_0268,Maryland Montessori,Traditional Public,515,K-8,Exceeds Expectations,79.7,TRUE,69.4,90.6,77.4,86.6,173,128,0.6837944664031621,0.5059288537549407
2023-24,0000_0510,Divine Savior Holy Angels High School,Private,148,9-12,Exceeds Expectations,79.1,FALSE,80,57.5,NA,97.3,79,68,0.626984126984127,0.5396825396825397
2023-24,0000_0740,Garden Homes Lutheran School,Private,255,K-8,Exceeds Expectations,78.6,FALSE,42.8,76.5,84.3,83.8,36,24,0.2608695652173913,0.17391304347826086
2023-24,3619_0176,Golda Meir School,Traditional Public,1211,K-12,Exceeds Expectations,78.5,FALSE,62.4,82.2,76.4,82.8,575,481,0.5560928433268859,0.46518375241779497
2023-24,0000_1770,Marquette University High School,Private,122,9-12,Exceeds Expectations,78.4,FALSE,85.2,71.7,78.1,93.2,73,72,0.8021978021978022,0.7912087912087912
2023-24,0000_2800,Saint Agnes School,Private,140,K-8,Exceeds Expectations,78.1,FALSE,59.3,82.1,73.5,79.3,35,30,0.5384615384615384,0.46153846153846156
2023-24,0000_8075,Salam School,Private,962,K-12,Exceeds Expectations,78,FALSE,54.1,79.3,74.5,84,222,219,0.38144329896907214,0.37628865979381443
2023-24,0000_1048,Tamarack Waldorf School,Private,167,K-8,Exceeds Expectations,78,FALSE,48.5,79.2,NA,85.7,31,11,0.3229166666666667,0.11458333333333333
2023-24,3619_0121,Milwaukee College Preparatory School: Lola Rowe North Campus,Non-Instrumentality Charter,509,K-8,Exceeds Expectations,77.9,FALSE,43.3,86,74.4,73.9,109,97,0.3732876712328767,0.3321917808219178
2023-24,0000_1095,Notre Dame School of Milwaukee,Private,469,K-8,Exceeds Expectations,77.5,FALSE,58.1,76.5,79.3,81.5,139,152,0.4982078853046595,0.5448028673835126
2023-24,0000_1221,King's Academy Christian School Inc,Private,142,K-8,Exceeds Expectations,77,FALSE,34.9,87.8,70.9,72.1,39,28,0.3939393939393939,0.2828282828282828
2023-24,3619_0158,Fernwood Montessori,Traditional Public,772,K-8,Exceeds Expectations,76.8,FALSE,64.5,81.2,81.1,85.8,291,209,0.6961722488038278,0.5
2023-24,0000_2850,Saint John Paul II School,Private,174,K-8,Exceeds Expectations,76.8,FALSE,36.3,83.1,72.2,78.3,39,35,0.3577981651376147,0.3211009174311927
2023-24,3619_0111,Milwaukee College Preparatory School -- 38th Street,Non-Instrumentality Charter,478,K-8,Exceeds Expectations,76.3,FALSE,36.9,84.1,73.2,73.4,76,75,0.28044280442804426,0.2767527675276753
2023-24,0000_2750,Saint Adalbert School,Private,401,K-8,Exceeds Expectations,76.3,FALSE,39,86,68.4,74.1,84,77,0.32684824902723736,0.29961089494163423
2023-24,0000_1776,The City School,Private,179,K-8,Exceeds Expectations,76.3,FALSE,18.1,82.2,78.3,75.5,13,20,0.125,0.19230769230769232
2023-24,3619_0146,Milwaukee German Immersion,Traditional Public,549,K-5,Exceeds Expectations,76.2,FALSE,70.1,74.6,70.1,90.4,120,113,0.631578947368421,0.5947368421052631
2023-24,0000_1990,Mount Olive Christian Day School,Private,149,K-8,Exceeds Expectations,76,FALSE,53.9,79.3,70,80.3,48,36,0.5052631578947369,0.37894736842105264
2023-24,8003_8137,United Community Center Acosta Middle School,2r/2x Charter,180,6-8,Exceeds Expectations,76,FALSE,40.3,86.8,68.5,71.2,53,65,0.31176470588235294,0.38235294117647056
2023-24,0000_1044,Clara Mohammed School,Private,64,K-12,Exceeds Expectations,75.3,FALSE,15.9,85.9,NA,76.4,3,2,0.15789473684210525,0.10526315789473684
2023-24,3619_0112,Bay View Montessori School,Traditional Public,484,K-8,Exceeds Expectations,75.3,TRUE,68.2,71.7,71.2,89.9,121,88,0.6335078534031413,0.4607329842931937
2023-24,3619_0223,Humboldt Park Elementary,Traditional Public,589,K-8,Exceeds Expectations,75.3,FALSE,45.8,87.9,62.9,70.9,125,123,0.34153005464480873,0.3360655737704918
2023-24,0000_5720,Saint Margaret Mary School,Private,153,K-8,Exceeds Expectations,75.1,FALSE,25.9,87.9,71.7,65.3,18,13,0.18556701030927836,0.13402061855670103
2023-24,3619_0852,Highland Community School,Non-Instrumentality Charter,414,K-8,Exceeds Expectations,75,FALSE,56.7,82.1,74.6,80.9,127,90,0.6318407960199005,0.44776119402985076
2023-24,0000_1729,Hope Christian School Fidelis,Private,634,K-8,Exceeds Expectations,74.6,FALSE,27,83.1,73.2,70.3,37,65,0.11455108359133127,0.20123839009287925
2023-24,3619_0020,King International,Traditional Public,1339,9-12,Exceeds Expectations,73.8,TRUE,47.2,74.6,71.5,82.1,313,234,0.33297872340425533,0.24893617021276596
2023-24,0000_8080,Salem Evangelical Lutheran School,Private,175,K-8,Exceeds Expectations,73.5,FALSE,41.9,78.4,66.4,77.9,35,28,0.3723404255319149,0.2978723404255319
2023-24,3619_0316,Academy of Accelerated Learning,Traditional Public,538,K-5,Exceeds Expectations,73.4,TRUE,55,73.6,67.1,83,92,93,0.45320197044334976,0.458128078817734
2023-24,3619_0162,ALBA - Academia de Lenguaje y Bellas Artes,Instrumentality Charter,620,K-8,Exceeds Expectations,73.4,TRUE,37.4,74.6,71.1,80.9,107,83,0.2988826815642458,0.23184357541899442
2023-24,0000_0309,Catholic East Elementary,Private,193,K-8,Exceeds Expectations,72.8,TRUE,59.5,78.4,61.5,76.5,47,47,0.39166666666666666,0.39166666666666666
2023-24,3619_0407,Carmen High School of Science and Technology South Campus,Non-Instrumentality Charter,399,9-12,Exceeds Expectations,72.7,FALSE,36.3,73.6,70,83.7,95,72,0.31666666666666665,0.24
2023-24,0000_3160,Saint Vincent Pallotti Catholic School,Private,169,K-8,Exceeds Expectations,72.7,FALSE,43.3,81.2,65.9,70.2,43,21,0.4095238095238095,0.2
2023-24,0000_8217,Siloah Lutheran School,Private,93,K-8,Exceeds Expectations,72.4,FALSE,20.5,74.6,NA,85,2,2,0.07142857142857142,0.07142857142857142
2023-24,8004_8113,Woodlands School,2r/2x Charter,370,K-8,Exceeds Expectations,72.3,TRUE,58,80.2,67.8,83,127,81,0.5669642857142857,0.36160714285714285
2023-24,3619_0277,Morgandale Elementary,Traditional Public,578,K-8,Exceeds Expectations,72.1,FALSE,27.3,87.9,61.4,63.2,93,74,0.25761772853185594,0.20498614958448755
2023-24,3619_0267,Maple Tree Elementary,Traditional Public,264,K-5,Exceeds Expectations,71.1,FALSE,16.3,87.9,65,57.9,10,7,0.136986301369863,0.0958904109589041
2023-24,8013_8129,Milwaukee Scholars Charter School,2r/2x Charter,769,K-8,Exceeds Expectations,71.1,FALSE,28.6,85.9,62.4,61.7,86,86,0.22811671087533156,0.22811671087533156
2023-24,0000_1491,Destiny High School,Private,243,9-12,Exceeds Expectations,71,FALSE,8.9,89.8,67.4,47.3,5,3,0.031446540880503145,0.018867924528301886
2023-24,3619_0501,Craig Montessori School,Traditional Public,257,K-8,Exceeds Expectations,70.9,FALSE,19.2,85,62.4,64.5,21,13,0.19811320754716982,0.12264150943396226
2023-24,0000_1507,Blessed Savior Catholic School,Private,271,K-8,Exceeds Expectations,70.7,FALSE,24.2,82.2,69.4,60.4,40,37,0.16877637130801687,0.15611814345991562
2023-24,3619_0155,Fairview Elementary,Traditional Public,628,K-8,Exceeds Expectations,70.6,FALSE,43.8,82.2,54.9,70.9,168,143,0.44919786096256686,0.38235294117647056
2023-24,3619_0214,Hayes Bilingual School,Traditional Public,638,K-8,Exceeds Expectations,70.5,TRUE,22.3,81.2,65.7,65.7,64,49,0.17777777777777778,0.1361111111111111
2023-24,3619_0368,Trowbridge Street School of Great Lakes Studies,Traditional Public,236,K-8,Exceeds Expectations,70.2,FALSE,37.7,77.4,69.5,64.5,38,45,0.25165562913907286,0.2980132450331126
2023-24,0000_7400,Saint Peter Immanuel Lutheran School,Private,177,K-8,Exceeds Expectations,70,FALSE,33.2,82.2,59.3,65.9,13,10,0.18571428571428572,0.14285714285714285
2023-24,8006_8101,Downtown Montessori,2r/2x Charter,239,K-8,Meets Expectations,69.9,TRUE,73.7,56.5,57.6,83,77,53,0.6814159292035398,0.4690265486725664
2023-24,0000_1305,Christ St Peter Lutheran School,Private,235,K-8,Meets Expectations,69.8,FALSE,35.8,82.2,59.3,64.6,51,48,0.3227848101265823,0.3037974683544304
2023-24,3619_0117,Cooper Elementary,Traditional Public,459,K-8,Meets Expectations,69.8,FALSE,60.4,72.7,55.3,81.1,128,128,0.5378151260504201,0.5378151260504201
2023-24,0000_1301,Atonement Lutheran School,Private,410,K-8,Meets Expectations,69.6,FALSE,28.2,76.4,66.8,68.3,54,42,0.25471698113207547,0.19811320754716982
2023-24,0000_1712,Cristo Rey Jesuit Milwaukee High School,Private,460,9-12,Meets Expectations,69.5,FALSE,46.7,62.2,70.2,92,93,136,0.2743362831858407,0.40117994100294985
2023-24,3619_0880,HAPA-Hmong American Peace Academy K3-12,Non-Instrumentality Charter,1894,K-12,Meets Expectations,68.9,FALSE,54.2,67,62,82.2,574,608,0.4484375,0.475
2023-24,3619_0377,Jackson Elementary,Traditional Public,216,K-5,Meets Expectations,68.8,TRUE,9.4,84.1,NA,45.2,4,3,0.056338028169014086,0.04225352112676056
2023-24,3619_0362,Milwaukee Parkside School,Traditional Public,853,K-8,Meets Expectations,68.6,FALSE,39.8,75.5,59.4,71,180,132,0.37422037422037424,0.27442827442827444
2023-24,3619_0029,Riverside High,Traditional Public,1162,9-12,Meets Expectations,68.1,FALSE,20.8,70.8,74.2,66.1,99,63,0.12563451776649745,0.0799492385786802
2023-24,8002_8133,Rocketship Southside Community Prep,2r/2x Charter,398,K-5,Meets Expectations,68.1,FALSE,37.5,76.4,61.2,66,37,53,0.24025974025974026,0.34415584415584416
2023-24,3619_0256,Longfellow Elementary,Traditional Public,718,K-8,Meets Expectations,68,TRUE,22.2,78.4,66.8,59.7,72,40,0.18997361477572558,0.10554089709762533
2023-24,3619_0390,Vieau Elementary,Traditional Public,684,K-8,Meets Expectations,67.9,FALSE,31.8,70.8,68.6,69.3,95,83,0.2235294117647059,0.1952941176470588
2023-24,3619_0014,Bradley Technology High,Traditional Public,999,9-12,Meets Expectations,67.4,FALSE,15.4,81.2,66.3,49.6,40,32,0.062402496099843996,0.0499219968798752
2023-24,3619_0098,Burdick Elementary,Traditional Public,495,K-8,Meets Expectations,67.2,FALSE,42.6,69.8,59.5,75.2,154,100,0.4782608695652174,0.3105590062111801
2023-24,0000_8720,Wisconsin Lutheran High School,Private,561,9-12,Meets Expectations,67.2,FALSE,63.6,62.2,61.2,87.8,234,247,0.5282167042889391,0.5575620767494357
2023-24,3619_0038,Milwaukee High School of the Arts,Traditional Public,985,9-12,Meets Expectations,67,FALSE,25.1,69.8,68.1,69.9,162,71,0.22913719943422914,0.10042432814710042
2023-24,3619_0413,Alliance School of Milwaukee,Instrumentality Charter,155,9-12,Meets Expectations,66.9,TRUE,24.3,80.2,NA,35.9,6,7,0.075,0.0875
2023-24,3619_0387,Victory Elementary,Traditional Public,421,K-8,Meets Expectations,66.9,FALSE,29.8,73.6,62.8,66.4,60,49,0.23529411764705882,0.19215686274509805
2023-24,3619_0125,Doerfler Elementary,Traditional Public,550,K-8,Meets Expectations,66.7,FALSE,20.9,79.3,57.4,62.5,57,51,0.18037974683544303,0.16139240506329114
2023-24,3619_0356,Bethune Academy,Traditional Public,525,K-8,Meets Expectations,66.6,FALSE,19.1,76.5,65.4,59.6,54,36,0.16119402985074627,0.10746268656716418
2023-24,3619_0202,Greenfield Bilingual,Traditional Public,555,K-8,Meets Expectations,66.6,TRUE,31.5,75.5,56.6,67.7,79,60,0.22832369942196531,0.17341040462427745
2023-24,3619_0165,IDEAL Individualized Developmental Educational Approaches to Learning,Instrumentality Charter,216,K-8,Meets Expectations,66.6,FALSE,41.8,70.8,59.7,70.7,48,49,0.32653061224489793,0.3333333333333333
2023-24,3619_0870,MacDowell Montessori School K3-12,Traditional Public,860,K-12,Meets Expectations,66.5,FALSE,30.6,73.6,61.8,65.6,149,87,0.33184855233853006,0.19376391982182628
2023-24,8001_8124,Veritas High,2r/2x Charter,255,9-12,Meets Expectations,66.3,FALSE,35.5,66.9,58.9,82.7,63,53,0.315,0.265
2023-24,3619_0140,Milwaukee French Immersion,Traditional Public,431,K-5,Meets Expectations,66.2,TRUE,48.7,65.1,62.9,75.1,60,52,0.410958904109589,0.3561643835616438
2023-24,0000_3100,Saint Anthony School,Private,1450,K-12,Meets Expectations,66,FALSE,29.5,66.9,65.7,71.9,254,174,0.24564796905222436,0.16827852998065765
2023-24,0000_1218,Eastbrook Academy,Private,349,K-12,Meets Expectations,65.8,FALSE,58.7,61.3,57.7,84.1,117,94,0.5492957746478874,0.4413145539906103
2023-24,0000_3410,Saint Catherine School,Private,123,K-8,Meets Expectations,65.8,FALSE,18.3,83.1,56.3,53.8,9,9,0.15789473684210525,0.15789473684210525
2023-24,0000_1302,Saint Philip's Lutheran School,Private,92,K-8,Meets Expectations,65.7,FALSE,44.3,64.1,NA,80,12,13,0.35294117647058826,0.38235294117647056
2023-24,0000_6690,Saint Matthias Parish School,Private,143,K-8,Meets Expectations,65.6,TRUE,58.7,59.4,66,77.9,34,24,0.38636363636363635,0.2727272727272727
2023-24,8009_8109,Darrell Lynn Hines Academy,2r/2x Charter,172,K-8,Meets Expectations,65.5,FALSE,24.8,77.4,51.4,66.3,18,15,0.20689655172413793,0.1724137931034483
2023-24,3619_0257,Lowell International Elementary,Traditional Public,206,K-5,Meets Expectations,65.5,FALSE,47.2,66,64.2,69.4,37,36,0.5285714285714286,0.5142857142857142
2023-24,3619_0397,Whitman Elementary,Traditional Public,331,K-8,Meets Expectations,65.5,FALSE,38.6,72.7,54.1,69.5,64,68,0.3062200956937799,0.3253588516746411
2023-24,3619_0334,Honey Creek Elementary,Instrumentality Charter,354,K-5,Meets Expectations,65.4,TRUE,47.5,67.9,52.8,77.1,43,43,0.35537190082644626,0.35537190082644626
2023-24,8001_8121,Seeds of Health Elementary Program,2r/2x Charter,377,K-8,Meets Expectations,65.4,FALSE,32.9,74.6,58.6,62.3,48,53,0.20689655172413793,0.22844827586206898
2023-24,3619_0104,Cass Street Elementary,Traditional Public,281,K-8,Meets Expectations,65.2,FALSE,15.4,81.2,56.4,55,19,15,0.1165644171779141,0.09202453987730061
2023-24,3619_0191,Garland Elementary,Traditional Public,536,K-8,Meets Expectations,65.1,TRUE,37.6,65.1,63.3,72.5,68,68,0.21587301587301588,0.21587301587301588
2023-24,3619_0177,Rogers Street Academy,Traditional Public,570,K-8,Meets Expectations,65.1,FALSE,24.1,75.5,56,63.5,69,66,0.1885245901639344,0.18032786885245902
2023-24,8012_8128,Milwaukee Math and Science Academy,2r/2x Charter,244,K-8,Meets Expectations,64.9,TRUE,28.8,73.6,58.5,63,20,8,0.15267175572519084,0.061068702290076333
2023-24,8008_8106,Milwaukee Academy of Science,2r/2x Charter,1404,K-12,Meets Expectations,64.9,FALSE,21.4,71.7,64.9,61.5,122,121,0.14006888633754305,0.13892078071182548
2023-24,3619_0283,Neeskara Elementary,Traditional Public,371,K-5,Meets Expectations,64.8,TRUE,18.5,80.3,55.7,55.2,16,15,0.09696969696969697,0.09090909090909091
2023-24,3619_0434,Audubon Technology and Communication High,Traditional Public,431,9-12,Meets Expectations,64.7,FALSE,21.7,67,65.4,69.6,57,32,0.18269230769230768,0.10256410256410256
2023-24,3619_0095,Burbank Elementary,Traditional Public,503,K-8,Meets Expectations,64.7,TRUE,22.4,72.7,62.2,61.2,49,34,0.16610169491525423,0.1152542372881356
2023-24,0000_1606,Messmer Catholic Schools,Private,1196,K-12,Meets Expectations,64.6,FALSE,27.7,73.6,62,58.3,150,149,0.199203187250996,0.19787516600265603
2023-24,0000_1304,Blessed Sacrament Catholic School,Private,165,K-8,Meets Expectations,64.4,FALSE,41.2,67,53.9,74.8,43,31,0.38392857142857145,0.2767857142857143
2023-24,0000_1575,Northwest Catholic School,Private,151,K-8,Meets Expectations,64.4,TRUE,27.4,72.7,52.5,68.8,18,16,0.18947368421052632,0.16842105263157894
2023-24,0000_2300,Pius XI Catholic High School,Private,506,9-12,Meets Expectations,64.3,FALSE,54.6,56.5,64.4,85.8,174,140,0.4496124031007752,0.36175710594315247
2023-24,0000_1303,Believers in Christ Christian Academy,Private,161,K-12,Meets Expectations,63.9,TRUE,22.2,67.9,62.8,66.2,16,10,0.16161616161616163,0.10101010101010101
2023-24,3619_0071,Milwaukee School of Languages,Traditional Public,951,6-12,Meets Expectations,63.9,FALSE,35.3,69.8,57.8,69,259,161,0.3390052356020942,0.2107329842931937
2023-24,3619_0204,Wedgewood Park School,Traditional Public,552,6-8,Meets Expectations,63.7,FALSE,32.3,70.8,56.1,64.7,157,118,0.31910569105691056,0.23983739837398374
2023-24,8027_8152,Carmen Middle School South,2r/2x Charter,206,6-8,Meets Expectations,63.6,FALSE,34.5,73.6,48.3,66.6,53,54,0.27040816326530615,0.2755102040816326
2023-24,8011_8127,Dr Howard Fuller Collegiate Academy,2r/2x Charter,312,9-12,Meets Expectations,63.5,FALSE,14.6,61.3,65.1,79.8,17,15,0.08762886597938144,0.07731958762886598
2023-24,3619_0232,Kagel Elementary,Traditional Public,267,K-8,Meets Expectations,63.1,TRUE,17.5,73.6,52.9,63.6,15,8,0.13274336283185842,0.07079646017699115
2023-24,3619_0093,Bruce Elementary,Traditional Public,286,K-5,Meets Expectations,62.9,TRUE,18.5,66.9,NA,65.6,7,4,0.1044776119402985,0.05970149253731343
2023-24,0000_1774,Kingdom Prep Lutheran High School,Private,140,9-12,Meets Expectations,62.4,FALSE,17.6,70.8,62.9,53.7,7,5,0.08974358974358974,0.0641025641025641
2023-24,3619_0114,Clemens Elementary,Traditional Public,309,K-5,Meets Expectations,62.3,TRUE,15.3,76.4,59,49.7,7,9,0.050724637681159424,0.06521739130434782
2023-24,0000_1345,Greater Holy Temple Christian Academy,Private,428,K-8,Meets Expectations,62.2,FALSE,11.9,56.5,64.4,80.2,25,6,0.11210762331838565,0.026905829596412557
2023-24,3619_0075,Alcott Elementary,Traditional Public,268,K-8,Meets Expectations,62.2,TRUE,32.3,69.8,47.7,68.8,50,24,0.3067484662576687,0.147239263803681
2023-24,8017_8139,Pathways High,2r/2x Charter,171,9-12,Meets Expectations,62.2,TRUE,33.8,74.6,58,45.7,34,18,0.3238095238095238,0.17142857142857143
2023-24,3619_0188,Barbee Elementary,Traditional Public,305,K-5,Meets Expectations,61.8,FALSE,15.9,71.7,52.8,62.3,24,5,0.2891566265060241,0.060240963855421686
2023-24,3619_0193,Grant Elementary,Traditional Public,582,K-8,Meets Expectations,60.6,FALSE,24.3,68.9,50.4,63,83,55,0.2299168975069252,0.1523545706371191
2023-24,3619_0113,Clement Avenue Elementary,Traditional Public,259,K-8,Meets Expectations,60.2,FALSE,37.5,66,45.9,68.6,53,60,0.31736526946107785,0.3592814371257485
2023-24,3619_0250,Lincoln Avenue Elementary,Traditional Public,416,K-5,Meets Expectations,60.2,FALSE,20.9,71.7,44.1,63.6,17,23,0.12408759124087591,0.1678832116788321
2023-24,0000_8224,Saint Joseph Academy,Private,427,K-8,Meets Expectations,60.2,FALSE,24,60.3,57.8,69.7,50,29,0.20920502092050208,0.12133891213389121
2023-24,8001_8115,Tenor High,2r/2x Charter,627,9-12,Meets Expectations,59.9,FALSE,29.9,57.5,59.4,74.1,77,84,0.17824074074074073,0.19444444444444445
2023-24,3619_0033,Harold S Vincent School of Agricultural Science,Traditional Public,708,9-12,Meets Expectations,59.7,FALSE,15.4,71.7,59.6,42.7,33,16,0.07568807339449542,0.03669724770642202
2023-24,0000_4950,Saint Josaphat Parish School,Private,204,K-8,Meets Expectations,59.7,FALSE,40.4,61.3,50.5,70,43,34,0.296551724137931,0.23448275862068965
2023-24,0000_1489,Cross Trainers Academy,Private,444,K-12,Meets Expectations,59.3,FALSE,18.1,69.8,51.3,56.6,34,21,0.12056737588652482,0.07446808510638298
2023-24,3619_1121,La Causa Charter School,Non-Instrumentality Charter,570,K-8,Meets Expectations,59.3,TRUE,18.8,66,53.6,61.1,59,47,0.15364583333333334,0.12239583333333333
2023-24,0000_1796,Victory Christian Academy,Private,313,K-12,Meets Expectations,59.2,FALSE,34.3,57.5,NA,71.4,64,44,0.2807017543859649,0.19298245614035087
2023-24,3619_0122,Curtin Elementary,Traditional Public,283,K-8,Meets Expectations,59.1,TRUE,28.5,65.1,47.2,66.2,42,16,0.24561403508771928,0.0935672514619883
2023-24,3619_0289,Ninety-Fifth Street Elementary,Traditional Public,424,K-5,Meets Expectations,59.1,FALSE,35.6,59.4,53,69.4,43,46,0.25,0.26744186046511625
2023-24,3619_0237,Kilbourn Elementary,Traditional Public,258,K-5,Meets Expectations,58.8,FALSE,25.9,63.2,NA,56.8,10,9,0.14925373134328357,0.13432835820895522
2023-24,0000_1704,Shining Star Christian Schools Inc,Private,208,K-8,Meets Expectations,58.6,FALSE,15.2,68.9,50.2,57.1,39,29,0.07910750507099391,0.058823529411764705
2023-24,0000_1165,Granville Lutheran School,Private,215,K-8,Meets Expectations,58.4,FALSE,27.7,61.3,51.9,65.8,28,18,0.224,0.144
2023-24,3619_0094,Bryant Elementary,Traditional Public,197,K-5,Meets Few Expectations,57.9,FALSE,18,66.9,51.4,56.1,9,11,0.13636363636363635,0.16666666666666666
2023-24,3619_0313,Riley Dual Language Montessori School,Traditional Public,265,K-5,Meets Few Expectations,57.5,FALSE,22.7,57.5,NA,68,12,7,0.21052631578947367,0.12280701754385964
2023-24,3619_0424,WHS Information Technology,Traditional Public,379,9-12,Meets Few Expectations,57.5,FALSE,9.9,77.4,47.5,35.9,10,5,0.04608294930875576,0.02304147465437788
2023-24,3619_0192,Goodrich Elementary,Traditional Public,288,K-5,Meets Few Expectations,57.2,FALSE,22.7,66,44,61.3,21,22,0.20388349514563106,0.21359223300970873
2023-24,0000_5830,Saint Martini Lutheran School,Private,134,K-8,Meets Few Expectations,57.2,TRUE,32.6,57.5,46.3,72.5,16,10,0.18181818181818182,0.11363636363636363
2023-24,0000_1315,Hope Christian School Prima,Private,583,K-8,Meets Few Expectations,57.1,TRUE,16.4,66.9,49.7,55.1,23,22,0.08185053380782918,0.07829181494661921
2023-24,0000_1656,Hope Christian School Semper,Private,572,K-8,Meets Few Expectations,57.1,FALSE,18.9,67.9,49.5,53,28,27,0.08615384615384615,0.08307692307692308
2023-24,3619_0451,Carmen High School of Science and Technology Southeast Campus,Non-Instrumentality Charter,676,9-12,Meets Few Expectations,57.1,FALSE,23.2,52.7,61.9,70.5,83,64,0.16938775510204082,0.1306122448979592
2023-24,3619_0118,Milwaukee Environmental Science Academy,Non-Instrumentality Charter,295,K-8,Meets Few Expectations,56.3,TRUE,15,67.9,45.4,54.5,11,2,0.0625,0.011363636363636364
2023-24,3619_0235,Keefe Avenue Elementary,Traditional Public,127,K-5,Meets Few Expectations,56.2,FALSE,10,66,NA,43.6,4,1,0.08695652173913043,0.021739130434782608
2023-24,0000_1870,Milwaukee Lutheran High School,Private,889,9-12,Meets Few Expectations,56.1,FALSE,27.8,48.9,60.5,74.9,100,89,0.14388489208633093,0.12805755395683452
2023-24,8027_8136,Stellar Collegiate Charter School,2r/2x Charter,217,K-5,Meets Few Expectations,55.9,FALSE,28.6,62.2,43.2,62.7,21,36,0.21428571428571427,0.3673469387755102
2023-24,8026_8131,Escuela Verde,2r/2x Charter,120,9-12,Meets Few Expectations,55.9,FALSE,18.2,53.7,53.6,74.4,14,5,0.1686746987951807,0.060240963855421686
2023-24,3619_0185,Gaenslen Elementary,Traditional Public,677,K-8,Meets Few Expectations,55.6,TRUE,7.7,63.2,56.4,50.5,26,11,0.06532663316582915,0.02763819095477387
2023-24,3619_0409,James Madison Academic Campus,Traditional Public,595,9-12,Meets Few Expectations,55.5,FALSE,10.2,67.9,54.3,39.6,10,9,0.03076923076923077,0.027692307692307693
2023-24,3619_0107,Siefert Elementary,Traditional Public,216,K-5,Meets Few Expectations,55.5,TRUE,10.9,65.1,47.7,54.8,3,1,0.0410958904109589,0.0136986301369863
2023-24,0000_1703,Hope Christian School Caritas,Private,354,K-8,Meets Few Expectations,55.4,TRUE,19.5,64.1,46.9,55.6,19,21,0.12337662337662338,0.13636363636363635
2023-24,3619_0026,Pulaski High,Traditional Public,945,9-12,Meets Few Expectations,54.6,TRUE,12.5,66,51.8,42.3,31,12,0.05090311986863711,0.019704433497536946
2023-24,0000_1382,Carter's Christian Academy Inc,Private,278,K-12,Meets Few Expectations,54.5,TRUE,4.4,57.5,NA,61.6,0,6,0,0.031914893617021274
2023-24,3619_0152,Engleburg Elementary,Traditional Public,268,K-5,Meets Few Expectations,54.5,TRUE,28.6,63.2,45.1,53.6,19,15,0.18627450980392157,0.14705882352941177
2023-24,3619_0419,North Division High,Traditional Public,389,9-12,Meets Few Expectations,54.5,TRUE,9.8,73.6,47.1,30.2,2,2,0.009345794392523364,0.009345794392523364
2023-24,3619_0325,Pratt Elementary,Traditional Public,309,K-5,Meets Few Expectations,54.4,TRUE,18.1,63.2,43.3,56.8,14,18,0.14,0.18
2023-24,3619_0238,LaFollette Elementary,Traditional Public,218,K-8,Meets Few Expectations,53.8,TRUE,7.2,70.8,43.1,43.4,3,4,0.028846153846153848,0.038461538461538464
2023-24,3619_0182,Fratney Elementary,Traditional Public,474,K-5,Meets Few Expectations,53.3,FALSE,29.2,52.7,45.4,67.1,42,24,0.28187919463087246,0.1610738255033557
2023-24,3619_0885,Milwaukee Excellence Charter School,Non-Instrumentality Charter,269,6-12,Meets Few Expectations,53.2,TRUE,15.7,58.4,49.3,55.3,13,16,0.06806282722513089,0.08376963350785341
2023-24,3619_0032,South Division High,Traditional Public,842,9-12,Meets Few Expectations,53.2,TRUE,10.2,58.4,57.6,46.1,11,14,0.021653543307086614,0.027559055118110236
2023-24,3619_0301,Parkview Elementary,Traditional Public,335,K-5,Meets Few Expectations,53.1,FALSE,24.3,60.3,34.7,64.1,23,33,0.18253968253968253,0.2619047619047619
2023-24,0000_1873,Milwaukee Seventh Day Adventist School,Private,137,K-12,Meets Few Expectations,53.1,TRUE,21.8,51.8,44,70.9,21,14,0.1640625,0.109375
2023-24,3619_0073,Allen-Field Elementary,Traditional Public,474,K-5,Meets Few Expectations,53,TRUE,18,57.5,47.3,57.4,23,24,0.1329479768786127,0.13872832369942195
2023-24,3619_0116,Congress Elementary,Traditional Public,699,K-8,Meets Few Expectations,52.7,TRUE,15.1,60.3,46.5,52.8,41,12,0.13442622950819672,0.03934426229508197
2023-24,3619_0130,Westside Academy,Traditional Public,157,K-5,Meets Few Expectations,52.5,FALSE,21,56.5,NA,51.3,13,12,0.2653061224489796,0.24489795918367346
2023-24,3619_0194,River Trail School of Agricultural Science,Traditional Public,403,K-8,Meets Few Expectations,52.4,TRUE,14.9,55.6,45.8,60.8,23,10,0.09236947791164658,0.040160642570281124
2023-24,8007_8105,Central City Cyberschool,2r/2x Charter,378,K-12,Meets Few Expectations,52.3,FALSE,17.4,66.9,54.2,30.9,36,26,0.15584415584415584,0.11255411255411256
2023-24,3619_0410,Grandview High,Partnership,217,9-12,Meets Few Expectations,52.3,FALSE,14.6,70.8,38.1,36.8,NA,NA,NA,NA
2023-24,3619_0343,Story Elementary,Traditional Public,385,K-8,Meets Few Expectations,52.3,TRUE,13.4,59.4,44.6,55.1,20,9,0.0970873786407767,0.043689320388349516
2023-24,3619_0173,Forest Home Elementary,Traditional Public,537,K-5,Meets Few Expectations,52.1,TRUE,24.5,54.6,43,62.1,27,34,0.1534090909090909,0.19318181818181818
2023-24,3619_0218,Holmes Elementary,Traditional Public,289,K-8,Meets Few Expectations,52.1,FALSE,10.2,65.1,39.3,50,11,10,0.08333333333333333,0.07575757575757576
2023-24,0000_1652,Academy of Excellence,Private,2014,K-12,Meets Few Expectations,51.6,FALSE,16.3,62.2,54.7,60.3,89,67,0.0644927536231884,0.04855072463768116
2023-24,0000_1439,Hope Christian School Fortis,Private,360,K-8,Meets Few Expectations,51.5,TRUE,14.9,61.3,42.7,50.1,16,11,0.09815950920245399,0.06748466257668712
2023-24,0000_4210,Saint Joan Antida High School,Private,206,9-12,Meets Few Expectations,51.5,FALSE,27.7,50.8,46.4,66.3,35,17,0.21341463414634146,0.10365853658536585
2023-24,3619_0110,Clarke Street Elementary,Traditional Public,223,K-8,Meets Few Expectations,51.3,TRUE,9.9,68.9,40.4,38.9,12,6,0.09448818897637795,0.047244094488188976
2023-24,3619_0444,Carmen Middle/High School of Science and Technology Northwest Campus,Non-Instrumentality Charter,586,6-12,Meets Few Expectations,51.2,FALSE,19.3,51.8,50.4,57.1,51,49,0.10991379310344827,0.10560344827586207
2023-24,3619_0108,Carson Academy,Traditional Public,332,K-8,Meets Few Expectations,51.1,TRUE,8.3,68.9,36.6,42.3,11,7,0.07801418439716312,0.04964539007092199
2023-24,3619_0018,Hamilton High,Traditional Public,1485,9-12,Meets Few Expectations,50.9,TRUE,18.8,53.7,55.5,46.4,63,34,0.06555671175858481,0.03537981269510926
2023-24,3619_0077,Auer Avenue Elementary,Traditional Public,187,K-5,Meets Few Expectations,50.3,TRUE,5.9,57.5,NA,44,2,2,0.028985507246376812,0.028985507246376812
2023-24,3619_0265,Manitoba Elementary,Traditional Public,445,K-8,Meets Few Expectations,50.1,TRUE,15.3,57.5,37.2,56.5,35,25,0.15765765765765766,0.11261261261261261
2023-24,3619_0337,Kluge Elementary,Traditional Public,344,K-5,Meets Few Expectations,49.9,FALSE,15.1,60.3,36.8,51.2,12,9,0.1411764705882353,0.10588235294117647
2023-24,3619_0253,Hopkins Lloyd Community School,Traditional Public,128,K-5,Meets Few Expectations,49.8,FALSE,6.2,58.4,NA,39.5,5,5,0.10869565217391304,0.10869565217391304
2023-24,3619_0059,Roosevelt Middle,Traditional Public,225,6-8,Meets Few Expectations,49.7,TRUE,9.8,60.3,40.2,48,21,4,0.11052631578947368,0.021052631578947368
2023-24,3619_0012,Bay View High,Traditional Public,956,9-12,Meets Few Expectations,49.4,FALSE,17.1,49.9,56.7,47,51,38,0.0804416403785489,0.05993690851735016
2023-24,3619_0211,Hawley Environmental School,Traditional Public,297,K-5,Meets Few Expectations,49.4,TRUE,22,51.8,44.1,55.8,11,14,0.08527131782945736,0.10852713178294573
2023-24,3619_0199,King Jr Elementary,Traditional Public,298,K-8,Meets Few Expectations,49.4,FALSE,6.6,60.3,41,46.9,12,4,0.09230769230769231,0.03076923076923077
2023-24,3619_0178,Carver Academy,Traditional Public,297,K-8,Meets Few Expectations,49.2,TRUE,14.1,54.6,45.3,50.2,12,14,0.0784313725490196,0.0915032679738562
2023-24,8004_8132,Woodlands School - State Street Campus,2r/2x Charter,198,K-8,Meets Few Expectations,49.2,TRUE,32.2,68.9,48.4,64.2,27,14,0.225,0.11666666666666667
2023-24,3619_0008,Marshall High,Traditional Public,692,9-12,Meets Few Expectations,49,TRUE,8,54.6,53.9,40.2,6,1,0.015345268542199489,0.0025575447570332483
2023-24,3619_0196,Grantosa Drive Elementary,Traditional Public,551,K-8,Meets Few Expectations,48.1,FALSE,11.7,57.5,37.6,48.9,21,30,0.07023411371237458,0.10033444816053512
2023-24,3619_0208,Hartford Avenue Elementary,Traditional Public,380,K-8,Meets Few Expectations,48,TRUE,13.1,54.6,40,50.9,21,8,0.10194174757281553,0.038834951456310676
2023-24,3619_0312,Starms Discovery,Traditional Public,230,K-8,Fails to Meet Expectations,47.7,TRUE,8.7,61.3,34.1,44.6,14,4,0.1044776119402985,0.029850746268656716
2023-24,0000_1158,Early View Academy of Excellence,Private,269,K-12,Fails to Meet Expectations,47.5,FALSE,11,64.1,33.2,39.2,7,5,0.04242424242424243,0.030303030303030304
2023-24,3619_0167,Milwaukee Spanish Immersion,Traditional Public,678,K-5,Fails to Meet Expectations,47.4,TRUE,40.8,39.4,35,75.5,57,44,0.3064516129032258,0.23655913978494625
2023-24,3619_0006,Lincoln Middle,Traditional Public,308,6-8,Fails to Meet Expectations,47.2,TRUE,12,54.6,39.3,48.8,22,8,0.08627450980392157,0.03137254901960784
2023-24,3619_0344,Stuart Elementary,Traditional Public,295,K-5,Fails to Meet Expectations,46.9,FALSE,32.6,48.9,29.8,63.4,40,39,0.3053435114503817,0.29770992366412213
2023-24,3619_0041,Audubon Technology and Communication Middle,Traditional Public,368,6-8,Fails to Meet Expectations,46.5,FALSE,13.4,49.9,42.9,50.6,57,19,0.17325227963525835,0.057750759878419454
2023-24,3619_0226,Milwaukee Sign Language Elementary,Traditional Public,414,K-8,Fails to Meet Expectations,46.5,TRUE,10.9,52.7,42.9,46.1,16,11,0.06779661016949153,0.046610169491525424
2023-24,8002_8140,Rocketship Transformation Prep,2r/2x Charter,231,K-5,Fails to Meet Expectations,46.3,TRUE,20,46.1,NA,54.8,10,11,0.13333333333333333,0.14666666666666667
2023-24,3619_0365,Townsend Street Elementary,Traditional Public,299,K-8,Fails to Meet Expectations,46.2,TRUE,6.3,51.8,44,46.3,7,NA,0.050359712230215826,NA
2023-24,3619_0454,Green Tree Preparatory Academy,Instrumentality Charter,496,6-12,Fails to Meet Expectations,46.1,TRUE,12.3,59.4,46.6,28.6,27,11,0.07258064516129033,0.02956989247311828
2023-24,3619_0179,Franklin Elementary,Traditional Public,344,K-8,Fails to Meet Expectations,45.7,TRUE,9.8,53.7,39.5,44.6,11,2,0.06358381502890173,0.011560693641618497
2023-24,3619_0360,Thoreau Elementary,Traditional Public,357,K-8,Fails to Meet Expectations,45.3,TRUE,17.6,54.6,28.7,50.8,27,12,0.15083798882681565,0.0670391061452514
2023-24,3619_0170,Fifty-Third Street Elementary,Traditional Public,330,K-8,Fails to Meet Expectations,45.2,TRUE,11.8,53.7,36.6,45.2,15,6,0.08021390374331551,0.03208556149732621
2023-24,3619_0319,Sherman Elementary,Traditional Public,242,K-8,Fails to Meet Expectations,44.8,TRUE,9.5,54.6,31.9,47.1,10,NA,0.08928571428571429,NA
2023-24,3619_0081,Barton Elementary,Traditional Public,259,K-5,Fails to Meet Expectations,44.6,TRUE,21.9,49.8,33,51.4,13,9,0.15476190476190477,0.10714285714285714
2023-24,3619_0215,Andrew S Douglas Middle,Traditional Public,106,6-8,Fails to Meet Expectations,44.5,TRUE,6.1,59.4,33,36.9,3,1,0.03296703296703297,0.01098901098901099
2023-24,3619_0092,Browning Elementary,Traditional Public,288,K-5,Fails to Meet Expectations,44.4,TRUE,11.1,53.7,33.2,45.6,9,5,0.09,0.05
2023-24,3619_0103,Milwaukee Academy of Chinese Language,Traditional Public,491,K-8,Fails to Meet Expectations,44.4,TRUE,14.6,46.1,36.3,55.2,32,26,0.11387900355871886,0.09252669039145907
2023-24,3619_0148,Elm Creative Arts Elementary,Traditional Public,319,K-5,Fails to Meet Expectations,44.1,TRUE,12.3,53.7,27,50.4,10,8,0.08196721311475409,0.06557377049180328
2023-24,3619_0274,Mitchell Elementary,Traditional Public,613,K-8,Fails to Meet Expectations,44.1,TRUE,16,44.2,36.7,56.8,28,26,0.08333333333333333,0.07738095238095238
2023-24,0000_1930,Mount Calvary Lutheran School,Private,179,K-8,Fails to Meet Expectations,43.7,FALSE,23.3,38.5,33,68,20,11,0.17094017094017094,0.09401709401709402
2023-24,3619_0052,Morse Mid,Traditional Public,416,6-8,Fails to Meet Expectations,42.6,TRUE,15.9,48.9,33.7,45.5,42,21,0.1390728476821192,0.0695364238410596
2023-24,3619_0307,Riverwest Elementary,Traditional Public,275,K-5,Fails to Meet Expectations,42.4,FALSE,11.6,52.7,22.8,49.6,12,7,0.10909090909090909,0.06363636363636363
2023-24,3619_0217,Hi-Mount Elementary,Traditional Public,143,K-8,Fails to Meet Expectations,42.3,TRUE,9.9,50.8,29.1,46.5,2,7,0.023809523809523808,0.08333333333333333
2023-24,3619_0525,Metcalfe Elementary,Traditional Public,342,K-8,Fails to Meet Expectations,40.2,TRUE,7.9,44.2,34.7,44.9,1,4,0.007407407407407408,0.02962962962962963
2023-24,3619_0154,Thurston Woods Elementary,Traditional Public,298,K-8,Fails to Meet Expectations,40.1,TRUE,9.9,47,27.8,45.9,7,3,0.04697986577181208,0.020134228187919462
2023-24,3619_0399,Wisconsin Conservatory of Lifelong Learning,Traditional Public,431,K-12,Fails to Meet Expectations,39.6,TRUE,7.6,59.4,25.3,24.6,4,1,0.020202020202020204,0.005050505050505051
2023-24,3619_0150,Emerson Elementary,Traditional Public,202,K-5,Fails to Meet Expectations,39.2,TRUE,15.5,45.1,18.5,54.2,11,6,0.14473684210526316,0.07894736842105263
2023-24,3619_0212,Hawthorne Elementary,Traditional Public,285,K-5,Fails to Meet Expectations,39,FALSE,15.1,41.3,22.7,55.8,9,4,0.09782608695652174,0.043478260869565216
2023-24,3619_0143,Eighty-First Street Elementary,Traditional Public,358,K-5,Fails to Meet Expectations,38.5,TRUE,19.7,39.4,25.1,54.1,11,8,0.10185185185185185,0.07407407407407407
2023-24,3619_0840,Obama School of Career and Technical Education,Traditional Public,1226,K-12,Fails to Meet Expectations,35.1,TRUE,11.5,52.7,20.9,22.2,27,12,0.034220532319391636,0.015209125475285171
2023-24,3619_0241,Lancaster Elementary,Traditional Public,331,K-8,Fails to Meet Expectations,35,TRUE,4.6,43.2,22.3,39.2,7,6,0.04093567251461988,0.03508771929824561
2023-24,3619_0295,Zablocki Elementary,Traditional Public,295,K-5,Fails to Meet Expectations,31.2,TRUE,24.6,22.3,17,62.8,25,11,0.2066115702479339,0.09090909090909091
2023-24,3619_0089,Brown Street Academy,Traditional Public,204,K-5,Fails to Meet Expectations,30.8,TRUE,4.9,35.6,10,48.1,3,4,0.04054054054054054,0.05405405405405406
2023-24,0000_1631,El Puente High School,Private,88,9-12,Fails to Meet Expectations,30.4,TRUE,27.6,NA,NA,41.5,2,0,0.041666666666666664,0
2023-24,0000_1263,Atlas Preparatory Academy Inc,Private,421,K-12,Fails to Meet Expectations,27,TRUE,18.3,51.8,32,32.7,27,14,0.08626198083067092,0.04472843450479233
2023-24,3619_0210,King International Baccalaureate Middle,Traditional Public,210,6-8,Fails to Meet Expectations,18.4,TRUE,6.4,11.9,6.3,44.7,7,2,0.0457516339869281,0.013071895424836602
2023-24,3619_1072,NOVA-Northwest Opportunities Vocational Academy,Partnership,117,9-12,Fails to Meet Expectations,14,TRUE,8.7,NA,NA,35,NA,NA,NA,NA
2023-24,3619_1063,ASSATA High,Partnership,116,9-12,Fails to Meet Expectations,12.9,FALSE,7.2,NA,NA,35.8,NA,NA,NA,NA
2023-24,3619_1074,Shalom High,Partnership,110,9-12,Fails to Meet Expectations,8.6,FALSE,2.3,NA,NA,33.9,NA,NA,NA,NA
2023-24,0000_1743,CERT School,Private,3,9-12,NR-DATA,NA,FALSE,NA,NA,NA,NA,NA,NA,NA,NA
2023-24,0000_1384,Christian Faith Academy of Higher Learning,Private,25,K-8,NR-DATA,NA,FALSE,NA,NA,NA,NA,0,0,NA,NA
2023-24,0000_1702,Divine Destiny School,Private,90,K-8,NR-DATA,NA,FALSE,NA,NA,NA,NA,1,0,0.018518518518518517,0
2023-24,0000_1923,First Immanuel Lutheran School,Private,6,K-8,NR-DATA,NA,FALSE,NA,NA,NA,NA,NA,NA,NA,NA
2023-24,0000_1684,Jo's Learning Academy,Private,78,K-5,NR-DATA,NA,FALSE,NA,NA,NA,NA,0,0,0,0
2023-24,0000_1374,Malaika Early Learning Center,Private,87,K-5,NR-DATA,NA,FALSE,NA,NA,NA,NA,0,0,0,0
2023-24,3619_0432,Banner Preparatory School of Milwaukee,Partnership,44,9-12,Alternate Rating - Needs Improvement,NA,FALSE,NA,NA,NA,NA,NA,NA,NA,NA
2023-24,3619_0236,Groppi High,Traditional Public,102,9-12,Alternate Rating - Satisfactory Progress,NA,FALSE,NA,NA,NA,NA,NA,NA,NA,NA
2023-24,3619_0296,Lad Lake Synergy School,Partnership,35,6-12,Alternate Rating - Satisfactory Progress,NA,FALSE,NA,NA,NA,NA,NA,NA,NA,NA
2023-24,3619_0315,Milwaukee County Youth Education Center,Traditional Public,22,6-12,Alternate Rating - Satisfactory Progress,NA,FALSE,NA,NA,NA,NA,NA,NA,NA,NA
2023-24,3619_0458,Project STAY-Supporting Teachers and Youth,Traditional Public,78,9-12,Alternate Rating - Satisfactory Progress,NA,FALSE,NA,NA,NA,NA,NA,NA,NA,NA
2023-24,3619_0442,South Accelerated Academy,Traditional Public,48,9-12,Alternate Rating - Satisfactory Progress,NA,FALSE,NA,NA,NA,NA,NA,NA,NA,NA
2023-24,3619_1086,Southeastern,Partnership,16,6-8,Alternate Rating - Needs Improvement,NA,FALSE,NA,NA,NA,NA,NA,NA,NA,NA
2023-24,3619_0433,Transition High,Traditional Public,88,9-12,Alternate Rating - Satisfactory Progress,NA,FALSE,NA,NA,NA,NA,NA,NA,NA,NA
2023-24,3619_0448,Vincent Accelerated Academy,Traditional Public,49,9-12,Alternate Rating - Needs Improvement,NA,FALSE,NA,NA,NA,NA,NA,NA,NA,NA
2023-24,0000_1931,Notre Dame School of Milwaukee,Private,88,6-8,NR-DATA,NA,FALSE,NA,NA,NA,NA,56,72,0.6222222222222222,0.8
2023-24,0000_1530,Right Step Inc,Private,NA,6-12,NR-DATA,NA,FALSE,NA,NA,NA,NA,0,0,NA,NA
2023-24,0000_8379,Torah Academy of Milwaukee,Private,6,9-12,NR-DATA,NA,FALSE,NA,NA,NA,NA,17,14,0.7727272727272727,0.6363636363636364
2023-24,0000_1868,Universal Scholars Academy,Private,60,K-5,NR-DATA,NA,FALSE,NA,NA,NA,NA,1,1,0.038461538461538464,0.038461538461538464
2023-24,0000_1909,Up Christian Academy Inc,Private,45,K-5,NR-DATA,NA,FALSE,NA,NA,NA,NA,0,0,0,0
2023-24,8025_8151,UpGrade Media Arts Schools,2r/2x Charter,10,6-12,Alternate Rating - Satisfactory Progress,NA,FALSE,NA,NA,NA,NA,NA,NA,NA,NA
2023-24,3619_0115,Grant Gordon Learning Center,Traditional Public,NA,NA,NA,NA,FALSE,NA,NA,NA,NA,NA,NA,NA,NA
2023-24,3619_1141,Next Door Charter,Non-Instrumentality Charter,NA,NA,NA,NA,FALSE,NA,NA,NA,NA,NA,NA,NA,NA
2023-24,0000_3580,Saint Coletta Day School,Private,NA,NA,NA,NA,FALSE,NA,NA,NA,NA,NA,NA,NA,NA
2023-24,3619_0149,Starms Early Childhood,Traditional Public,NA,NA,NA,NA,FALSE,NA,NA,NA,NA,NA,NA,NA,NA
